filename,average_score,number_atoms,label
../../../Data/SplitData/Cholesterol/IvanTestSet/ivan-separate-graphs-5A/positive/4HQJ-filtered_graphs.npy,0.7227107691764831,29,LikelyNegative
../../../Data/SplitData/Cholesterol/IvanTestSet/ivan-separate-graphs-5A/positive/4RET-filtered_graphs.npy,0.2328883717954158,55,LikelyNegative
../../../Data/SplitData/Cholesterol/IvanTestSet/ivan-separate-graphs-5A/positive/5OQT-filtered_graphs.npy,0.6180351275205612,51,LikelyNegative
../../../Data/SplitData/Cholesterol/IvanTestSet/ivan-separate-graphs-5A/positive/5SY1-filtered_graphs.npy,0.9608551990985872,34,LikelyPositive
../../../Data/SplitData/Cholesterol/IvanTestSet/ivan-separate-graphs-5A/positive/5WB2-filtered_graphs.npy,0.9174443006515502,38,LikelyPositive
../../../Data/SplitData/Cholesterol/IvanTestSet/ivan-separate-graphs-5A/positive/6AWN-filtered_graphs.npy,0.9685763716697692,22,LikelyPositive
../../../Data/SplitData/Cholesterol/IvanTestSet/ivan-separate-graphs-5A/positive/6AWO-filtered_graphs.npy,0.950324399471283,21,LikelyPositive
../../../Data/SplitData/Cholesterol/IvanTestSet/ivan-separate-graphs-5A/positive/6AWQ-filtered_graphs.npy,0.9503248989582062,21,LikelyPositive
../../../Data/SplitData/Cholesterol/IvanTestSet/ivan-separate-graphs-5A/positive/6JXK-filtered_graphs.npy,0.9253228843212128,45,LikelyPositive
../../../Data/SplitData/Cholesterol/IvanTestSet/ivan-separate-graphs-5A/positive/6L47-filtered_graphs.npy,0.2602872475981712,95,LikelyNegative
../../../Data/SplitData/Cholesterol/IvanTestSet/ivan-separate-graphs-5A/positive/6NBH-filtered_graphs.npy,0.7392420667409897,23,LikelyNegative
../../../Data/SplitData/Cholesterol/IvanTestSet/ivan-separate-graphs-5A/positive/6QEX-filtered_graphs.npy,0.9138645029067992,25,LikelyPositive
../../../Data/SplitData/Cholesterol/IvanTestSet/ivan-separate-graphs-5A/positive/6V35-filtered_graphs.npy,0.9817478966712953,36,LikelyPositive
../../../Data/SplitData/Cholesterol/IvanTestSet/ivan-separate-graphs-5A/positive/6VUM-filtered_graphs.npy,0.8960391891002655,19,LikelyPositive
../../../Data/SplitData/Cholesterol/IvanTestSet/ivan-separate-graphs-5A/positive/6W5V-filtered_graphs.npy,0.8770670986175537,65,LikelyPositive
../../../Data/SplitData/Cholesterol/IvanTestSet/ivan-separate-graphs-5A/positive/7A65-filtered_graphs.npy,0.8578547012805938,30,LikelyPositive
../../../Data/SplitData/Cholesterol/IvanTestSet/ivan-separate-graphs-5A/positive/7A6C-filtered_graphs.npy,0.9815541195869446,22,LikelyPositive
../../../Data/SplitData/Cholesterol/IvanTestSet/ivan-separate-graphs-5A/positive/7A6E-filtered_graphs.npy,0.9415673577785492,30,LikelyPositive
../../../Data/SplitData/Cholesterol/IvanTestSet/ivan-separate-graphs-5A/positive/7A6F-filtered_graphs.npy,0.894004328250885,24,LikelyPositive
../../../Data/SplitData/Cholesterol/IvanTestSet/ivan-separate-graphs-5A/positive/7CA3-filtered_graphs.npy,0.8324853789806366,20,LikelyPositive
../../../Data/SplitData/Cholesterol/IvanTestSet/ivan-separate-graphs-5A/positive/7CUM-filtered_graphs.npy,0.8019115072488785,30,LikelyPositive
../../../Data/SplitData/Cholesterol/IvanTestSet/ivan-separate-graphs-5A/positive/7D92-filtered_graphs.npy,0.8137975788116455,36,LikelyPositive
../../../Data/SplitData/Cholesterol/IvanTestSet/ivan-separate-graphs-5A/positive/7D93-filtered_graphs.npy,0.4271412095427513,58,LikelyNegative
../../../Data/SplitData/Cholesterol/IvanTestSet/ivan-separate-graphs-5A/positive/7D94-filtered_graphs.npy,0.5927292323112487,55,LikelyNegative
../../../Data/SplitData/Cholesterol/IvanTestSet/ivan-separate-graphs-5A/positive/7DDF-filtered_graphs.npy,0.5642764365673065,59,LikelyNegative
../../../Data/SplitData/Cholesterol/IvanTestSet/ivan-separate-graphs-5A/positive/7DDI-filtered_graphs.npy,0.4155341559648514,56,LikelyNegative
../../../Data/SplitData/Cholesterol/IvanTestSet/ivan-separate-graphs-5A/positive/7DDK-filtered_graphs.npy,0.5755739682912826,58,LikelyNegative
../../../Data/SplitData/Cholesterol/IvanTestSet/ivan-separate-graphs-5A/positive/7KY5-filtered_graphs.npy,0.4417246528963643,5,LikelyNegative
../../../Data/SplitData/Cholesterol/IvanTestSet/ivan-separate-graphs-5A/positive/7KY8-filtered_graphs.npy,0.4624528175592422,52,LikelyNegative
../../../Data/SplitData/Cholesterol/IvanTestSet/ivan-separate-graphs-5A/positive/7KYA-filtered_graphs.npy,0.9671526718139648,18,LikelyPositive
../../../Data/SplitData/Cholesterol/IvanTestSet/ivan-separate-graphs-5A/positive/7N4V-filtered_graphs.npy,0.9614101254940032,29,LikelyPositive
../../../Data/SplitData/Cholesterol/IvanTestSet/ivan-separate-graphs-5A/positive/7NIW-filtered_graphs.npy,0.8503499013185501,31,LikelyPositive
../../../Data/SplitData/Cholesterol/IvanTestSet/ivan-separate-graphs-5A/positive/7QTV-filtered_graphs.npy,0.1182390435039997,56,LikelyNegative
../../../Data/SplitData/Cholesterol/IvanTestSet/ivan-separate-graphs-5A/positive/7RM5-filtered_graphs.npy,0.9066356468200684,41,LikelyPositive
../../../Data/SplitData/Cholesterol/IvanTestSet/ivan-separate-graphs-5A/positive/7RR9-filtered_graphs.npy,0.9703349125385284,34,LikelyPositive
../../../Data/SplitData/Cholesterol/IvanTestSet/ivan-separate-graphs-5A/positive/7SK3-filtered_graphs.npy,0.8275493192672729,54,LikelyPositive
../../../Data/SplitData/Cholesterol/IvanTestSet/ivan-separate-graphs-5A/positive/7WYS-filtered_graphs.npy,0.548820686340332,57,LikelyNegative
../../../Data/SplitData/Cholesterol/IvanTestSet/ivan-separate-graphs-5A/positive/7WYY-filtered_graphs.npy,0.7550440883636474,45,LikelyPositive
../../../Data/SplitData/Cholesterol/IvanTestSet/ivan-separate-graphs-5A/positive/7Y46-filtered_graphs.npy,0.3294588941335678,50,LikelyNegative
../../../Data/SplitData/Cholesterol/IvanTestSet/ivan-separate-graphs-5A/positive/8DPG-filtered_graphs.npy,0.0111819330503931,90,TrueNegative
../../../Data/SplitData/Cholesterol/IvanTestSet/ivan-separate-graphs-5A/positive/8JD1-filtered_graphs.npy,0.9541530811786652,34,LikelyPositive
../../../Data/SplitData/Cholesterol/IvanTestSet/ivan-separate-graphs-5A/positive/8JD5-filtered_graphs.npy,0.9198541259765624,46,LikelyPositive
../../../Data/SplitData/Cholesterol/IvanTestSet/ivan-separate-graphs-5A/positive/8KDF-filtered_graphs.npy,0.9491162848472596,40,LikelyPositive
../../../Data/SplitData/Cholesterol/IvanTestSet/ivan-separate-graphs-5A/positive/8KDH-filtered_graphs.npy,0.3761040145158767,55,LikelyNegative
../../../Data/SplitData/Cholesterol/IvanTestSet/ivan-separate-graphs-5A/positive/8SRH-filtered_graphs.npy,0.4732214891910553,77,LikelyNegative
../../../Data/SplitData/Cholesterol/IvanTestSet/ivan-separate-graphs-5A/positive/8SRK-filtered_graphs.npy,0.6790031570196152,60,LikelyNegative
../../../Data/SplitData/Cholesterol/IvanTestSet/ivan-separate-graphs-5A/positive/8SZG-filtered_graphs.npy,0.8273850929737091,24,LikelyPositive
../../../Data/SplitData/Cholesterol/IvanTestSet/ivan-separate-graphs-5A/positive/8SZI-filtered_graphs.npy,0.5302810041606426,24,LikelyNegative
../../../Data/SplitData/Cholesterol/IvanTestSet/ivan-separate-graphs-5A/positive/8V81-filtered_graphs.npy,0.8096340778470039,25,LikelyPositive
../../../Data/SplitData/Cholesterol/IvanTestSet/ivan-separate-graphs-5A/positive/9AXF-filtered_graphs.npy,0.9187460577487946,22,LikelyPositive
../../../Data/SplitData/Cholesterol/IvanTestSet/ivan-separate-graphs-5A/positive/9B36-filtered_graphs.npy,0.7390294724702835,33,LikelyNegative
../../../Data/SplitData/Cholesterol/IvanTestSet/ivan-separate-graphs-5A/positive/9B37-filtered_graphs.npy,0.7263543963432312,35,LikelyNegative
../../../Data/SplitData/Cholesterol/IvanTestSet/ivan-separate-graphs-5A/positive/9C3E-filtered_graphs.npy,0.713886638879776,55,LikelyNegative
../../../Data/SplitData/Cholesterol/IvanTestSet/ivan-separate-graphs-5A/positive/9DMG-filtered_graphs.npy,0.1535326942056417,52,LikelyNegative
../../../Data/SplitData/Cholesterol/IvanTestSet/ivan-separate-graphs-5A/positive/9DMT-filtered_graphs.npy,0.5852416425943374,54,LikelyNegative
../../../Data/SplitData/Cholesterol/IvanTestSet/ivan-separate-graphs-5A/positive/9DXS-filtered_graphs.npy,0.9551284182071684,36,LikelyPositive
../../../Data/SplitData/Cholesterol/IvanTestSet/ivan-separate-graphs-5A/positive/9II3-filtered_graphs.npy,0.994031946659088,26,LikelyPositive
